{"_step":999,"test_pred_error":0.49565864446583296,"_timestamp":1.742905060153087e+09,"test_accuracy":0.5399999999999999,"train_loss":0.616027531180658,"train_accuracy":0.9966666666666667,"_runtime":1126.262369838,"test_loss":0.6893759767436165,"train_pred_error":0.41919714962742827,"_wandb":{"runtime":1126}}