{"_timestamp":1.742899773597794e+09,"_step":999,"_runtime":3495.021533367,"train_accuracy":1,"train_pred_error":0.3622814608889115,"train_loss":0.565194550160021,"test_accuracy":0.485,"test_loss":0.6936301976777448,"test_pred_error":0.5000103937017799,"_wandb":{"runtime":3495}}