{"test_loss":0.5619992875667302,"_timestamp":1.742898729485537e+09,"train_loss":0.5321486999094336,"_step":999,"test_pred_error":0.3475627137614624,"_wandb":{"runtime":1203},"train_accuracy":0.9983333333333334,"train_pred_error":0.315396613743863,"test_accuracy":0.852,"_runtime":1203.964265669}