{"train_loss":0.6803984110068031,"_step":99,"test_loss":0.6930422402390684,"_wandb":{"runtime":588},"_runtime":588.036337584,"_timestamp":1.7429974243290215e+09,"train_accuracy":0.6607999999999998,"train_pred_error":0.4866700904656711,"test_pred_error":0.4994035661710568,"test_accuracy":0.5079}