{"train_accuracy":1,"_timestamp":1.7429274740726562e+09,"test_loss":0.6927807280858611,"_runtime":6435.860536289,"test_pred_error":0.4991613819613436,"_wandb":{"runtime":6435},"train_pred_error":0.361821203613109,"train_loss":0.5648161392280108,"test_accuracy":0.521,"_step":999}