{"test_accuracy":0.5085000000000001,"test_pred_error":0.4993681525273861,"_step":99,"train_loss":0.6792893084741635,"_runtime":193.814698697,"test_loss":0.6929998877831429,"train_pred_error":0.4855506147652259,"_wandb":{"runtime":193},"_timestamp":1.7429947373520973e+09,"train_accuracy":0.6809999999999999}