{"train_loss":0.6323315911832554,"test_pred_error":0.4837731739028618,"train_accuracy":0.9683333333333333,"_timestamp":1.742959340569702e+09,"train_pred_error":0.43631128820524495,"test_loss":0.6782896620663836,"_step":999,"_wandb":{"runtime":615},"_runtime":615.071987316,"test_accuracy":0.591}