{"test_loss":0.6799670140472391,"_timestamp":1.7428992091745358e+09,"train_accuracy":0.9483333333333333,"_runtime":516.880935109,"test_pred_error":0.4856402740201894,"train_loss":0.640956186552769,"test_accuracy":0.594,"_step":999,"_wandb":{"runtime":516},"train_pred_error":0.44562001582616934}