{"_runtime":6427.852480015,"test_accuracy":0.5090000000000001,"test_loss":0.6938243214765022,"train_pred_error":0.3625817243318492,"train_loss":0.5654352807082633,"_timestamp":1.7429146421412098e+09,"test_pred_error":0.5001935850641692,"_wandb":{"runtime":6427},"_step":999,"train_accuracy":1}