{"train_loss":0.6164949058545139,"train_accuracy":0.9933333333333333,"test_loss":0.6906135308629093,"_timestamp":1.742901638563977e+09,"_wandb":{"runtime":1216},"_runtime":1216.757014278,"_step":999,"train_pred_error":0.41966673679362204,"test_accuracy":0.526,"test_pred_error":0.4968879453954328}